{"cameraMode":{"drawMode":0,"name":"Shaded","section":"Shading Mode"},"sceneLighting":false,"audioPlay":false,"sceneViewState":{"m_AlwaysRefresh":false,"showFog":true,"showSkybox":false,"showFlares":true,"showImageEffects":true,"showParticleSystems":true,"showVisualEffectGraphs":true,"m_FxEnabled":true},"in2DMode":false,"pivot":{"x":-0.000002384185791015625,"y":0.02312225103378296,"z":-0.05684185028076172},"rotation":{"x":-0.2098674774169922,"y":0.19816362857818604,"z":-0.0434817299246788,"w":-0.9564502239227295},"size":8.756745338439942,"orthographic":false}