{"cameraMode":{"drawMode":0,"name":"Shaded","section":"Shading Mode"},"sceneLighting":false,"audioPlay":false,"sceneViewState":{"m_AlwaysRefresh":false,"showFog":false,"showSkybox":false,"showFlares":true,"showImageEffects":true,"showParticleSystems":true,"showVisualEffectGraphs":true,"m_FxEnabled":true},"in2DMode":false,"pivot":{"x":232.09661865234376,"y":28.66900062561035,"z":321.9778137207031},"rotation":{"x":-0.004121857229620218,"y":0.40116971731185915,"z":0.00180573551915586,"w":0.9159949421882629},"size":2.818195343017578,"orthographic":true}