{"cameraMode":{"drawMode":0,"name":"Shaded","section":"Shading Mode"},"sceneLighting":false,"audioPlay":false,"sceneViewState":{"m_AlwaysRefresh":false,"showFog":true,"showSkybox":false,"showFlares":true,"showImageEffects":true,"showParticleSystems":true,"showVisualEffectGraphs":true,"m_FxEnabled":true},"in2DMode":false,"pivot":{"x":-0.7705940008163452,"y":1.7885675430297852,"z":1.7849054336547852},"rotation":{"x":0.31762251257896426,"y":-0.17917008697986604,"z":0.061249714344739917,"w":0.9291197061538696},"size":3.9486021995544435,"orthographic":false}