{"cameraMode":{"drawMode":0,"name":"Shaded","section":"Shading Mode"},"sceneLighting":false,"audioPlay":false,"sceneViewState":{"m_AlwaysRefresh":false,"showFog":true,"showSkybox":false,"showFlares":true,"showImageEffects":true,"showParticleSystems":true,"showVisualEffectGraphs":true,"m_FxEnabled":true},"in2DMode":false,"pivot":{"x":0.0000011920928955078126,"y":0.04188895225524902,"z":-0.024689435958862306},"rotation":{"x":-0.2098674774169922,"y":0.19816362857818604,"z":-0.0434817299246788,"w":-0.9564502239227295},"size":7.917588233947754,"orthographic":false}