{"cameraMode":{"drawMode":0,"name":"Shaded","section":"Shading Mode"},"sceneLighting":false,"audioPlay":false,"sceneViewState":{"m_AlwaysRefresh":false,"showFog":false,"showSkybox":false,"showFlares":true,"showImageEffects":true,"showParticleSystems":true,"showVisualEffectGraphs":true,"m_FxEnabled":true},"in2DMode":false,"pivot":{"x":232.58700561523438,"y":29.323999404907228,"z":318.677001953125},"rotation":{"x":-0.008700677193701268,"y":0.9606071710586548,"z":0.030269136652350427,"w":0.276120662689209},"size":0.12247106432914734,"orthographic":false}